44167236,evilgaoshu,https://api.github.com/users/evilgaoshu,evilgaoshu
111333037,gurram47,https://api.github.com/users/gurram47,gurram47
65502770,afbeltranr,https://api.github.com/users/afbeltranr,afbeltranr
99458559,karla-vm,https://api.github.com/users/karla-vm,karla-vm
3787410,hsluoyz,https://api.github.com/users/hsluoyz,hsluoyz
11596368,mnw1020,https://api.github.com/users/mnw1020,mnw1020
82401504,ikjo93,https://api.github.com/users/ikjo93,ikjo93
60316309,Gabe616,https://api.github.com/users/Gabe616,Gabe616
37953029,BadProfessor,https://api.github.com/users/BadProfessor,BadProfessor
28701858,allanrg4,https://api.github.com/users/allanrg4,allanrg4
22668539,QGarchery,https://api.github.com/users/QGarchery,QGarchery
111433069,Diyouf,https://api.github.com/users/Diyouf,Diyouf
100686237,tiltingpenguin,https://api.github.com/users/tiltingpenguin,tiltingpenguin
111448530,igrek-ovs,https://api.github.com/users/igrek-ovs,igrek-ovs
86944161,cchanmi,https://api.github.com/users/cchanmi,cchanmi
10712109,mvashishtha,https://api.github.com/users/mvashishtha,mvashishtha
368735,na4zagin3,https://api.github.com/users/na4zagin3,na4zagin3
55003092,xsidc,https://api.github.com/users/xsidc,xsidc
17953978,kkukelka,https://api.github.com/users/kkukelka,kkukelka
94136524,Sidalvik,https://api.github.com/users/Sidalvik,Sidalvik
13433317,qJkee,https://api.github.com/users/qJkee,qJkee
10712109,mvashishtha,https://api.github.com/users/mvashishtha,mvashishtha
37929162,mergify[bot],https://api.github.com/users/mergify[bot],mergify
44158642,exqlnet,https://api.github.com/users/exqlnet,exqlnet
19955562,lindseyburnett,https://api.github.com/users/lindseyburnett,lindseyburnett
111345762,wwwuuid2com28,https://api.github.com/users/wwwuuid2com28,wwwuuid2com28
30538765,signcla-test-unsigned,https://api.github.com/users/signcla-test-unsigned,signcla-test-unsigned
8517910,LombiqBot,https://api.github.com/users/LombiqBot,LombiqBot
109001160,HARPHUNA,https://api.github.com/users/HARPHUNA,HARPHUNA
686971,khurtwilliams,https://api.github.com/users/khurtwilliams,khurtwilliams
